Timestamp,(Â°F),Relative Humidity
2025-12-15 09:00,71.3197,26.6538
2025-12-15 09:01,71.1845,26.6843
2025-12-15 09:02,71.0687,26.7148
2025-12-15 09:03,70.9915,26.7759
2025-12-15 09:04,70.8949,26.8064
2025-12-15 09:05,70.8756,26.8369
2025-12-15 09:06,70.8177,26.8369
2025-12-15 09:07,70.7791,26.8674
2025-12-15 09:08,70.7019,27.0505
2025-12-15 09:09,70.6247,27.2336
2025-12-15 09:10,70.5667,27.2031
2025-12-15 09:11,70.4702,27.2031
2025-12-15 09:12,70.393,27.1421
2025-12-15 09:13,70.393,27.0811
2025-12-15 09:14,70.3544,27.1421
2025-12-15 09:15,70.3351,27.2031
2025-12-15 09:16,70.3351,27.1421
2025-12-15 09:17,70.3351,27.0811
2025-12-15 09:18,70.3351,27.2947
2025-12-15 09:19,70.2965,27.3557
2025-12-15 09:20,70.2579,27.4473
2025-12-15 09:21,70.2,27.3862
2025-12-15 09:22,70.142,27.3862
2025-12-15 09:23,70.1227,27.2947
2025-12-15 09:24,70.1034,27.2642
2025-12-15 09:25,70.1034,27.3557
2025-12-15 09:26,70.1227,27.3557
2025-12-15 09:27,70.1613,27.2642
2025-12-15 09:28,70.1613,27.2642
2025-12-15 09:29,70.1613,27.3862
2025-12-15 09:30,70.142,27.4778
2025-12-15 09:31,70.1227,27.5083
2025-12-15 09:32,70.0648,27.5083
2025-12-15 09:33,70.0455,27.4778
2025-12-15 09:34,70.0262,27.3557
2025-12-15 09:35,70.0262,27.3557
2025-12-15 09:36,70.0455,27.3557
2025-12-15 09:37,70.0648,27.3557
2025-12-15 09:38,70.1034,27.2947
2025-12-15 09:39,70.1227,27.3557
2025-12-15 09:40,70.1227,27.4167
2025-12-15 09:41,70.1034,27.5388
2025-12-15 09:42,70.0841,27.5388
2025-12-15 09:43,70.0648,27.5693
2025-12-15 09:44,70.0069,27.8135
2025-12-15 09:45,70.0069,27.5693
2025-12-15 09:46,70.0069,27.5693
2025-12-15 09:47,70.0262,27.5388
2025-12-15 09:48,70.0648,27.5083
2025-12-15 09:49,70.0841,27.4778
2025-12-15 09:50,70.1227,27.5388
2025-12-15 09:51,70.1227,27.6304
2025-12-15 09:52,70.1034,27.783
2025-12-15 09:53,70.0648,28.0881
2025-12-15 09:54,70.0648,28.4543
2025-12-15 09:55,70.0262,28.1797
2025-12-15 09:56,70.0455,27.9661
2025-12-15 09:57,70.0648,28.0271
2025-12-15 09:58,70.0841,28.0271
2025-12-15 09:59,70.1034,27.9661
2025-12-15 10:00,70.1613,27.9661
2025-12-15 10:01,70.1806,27.9661
2025-12-15 10:02,70.1613,27.9661
2025-12-15 10:03,70.1613,28.0881
2025-12-15 10:04,70.142,28.3628
2025-12-15 10:05,70.1034,28.8816
2025-12-15 10:06,70.0841,28.6069
2025-12-15 10:07,70.0841,28.3628
2025-12-15 10:08,70.1227,28.2407
2025-12-15 10:09,70.142,28.1797
2025-12-15 10:10,70.1613,28.1492
2025-12-15 10:11,70.1806,28.1492
2025-12-15 10:12,70.1806,28.1797
2025-12-15 10:13,70.1613,28.3323
2025-12-15 10:14,70.1613,28.4849
2025-12-15 10:15,70.1227,28.79
2025-12-15 10:16,70.0841,28.9121
2025-12-15 10:17,70.0648,28.9121
2025-12-15 10:18,70.0262,28.9731
2025-12-15 10:19,69.9876,28.9731
2025-12-15 10:20,69.949,29.0342
2025-12-15 10:21,69.9104,28.9426
2025-12-15 10:22,69.9104,28.7595
2025-12-15 10:23,69.9104,28.6375
2025-12-15 10:24,69.9297,28.6069
2025-12-15 10:25,69.949,28.5154
2025-12-15 10:26,69.9683,28.4849
2025-12-15 10:27,69.9683,28.6069
2025-12-15 10:28,69.949,28.668
2025-12-15 10:29,69.9297,28.79
2025-12-15 10:30,69.8911,28.79
2025-12-15 10:31,69.8718,28.8816
2025-12-15 10:32,69.8331,28.9426
2025-12-15 10:33,69.8139,29.0647
2025-12-15 10:34,69.7752,29.0342
2025-12-15 10:35,69.7366,28.9121
2025-12-15 10:36,69.698,28.8816
2025-12-15 10:37,69.6594,28.7595
2025-12-15 10:38,69.6401,28.7595
2025-12-15 10:39,69.6015,28.668
2025-12-15 10:40,69.6015,28.6985
2025-12-15 10:41,69.6208,28.668
2025-12-15 10:42,69.6401,28.6069
2025-12-15 10:43,69.6594,28.5459
2025-12-15 10:44,69.6594,28.668
2025-12-15 10:45,69.6401,28.7595
2025-12-15 10:46,69.6208,28.6985
2025-12-15 10:47,69.6015,28.668
2025-12-15 10:48,69.5822,28.6069
2025-12-15 10:49,69.5436,28.5764
2025-12-15 10:50,69.505,28.5459
2025-12-15 10:51,69.4857,28.4849
2025-12-15 10:52,69.4471,28.4543
2025-12-15 10:53,69.4084,28.4238
2025-12-15 10:54,69.3891,28.4849
2025-12-15 10:55,69.3505,28.5764
2025-12-15 10:56,69.3119,28.5459
2025-12-15 10:57,69.2733,28.6069
2025-12-15 10:58,69.254,28.6069
2025-12-15 10:59,69.2154,28.6375
2025-12-15 11:00,69.1768,28.6375
2025-12-15 11:01,69.1575,28.6375
2025-12-15 11:02,69.1575,28.6375
2025-12-15 11:03,69.1768,28.6375
2025-12-15 11:04,69.1961,28.668
2025-12-15 11:05,69.2347,28.6375
2025-12-15 11:06,69.2733,28.5459
2025-12-15 11:07,69.3119,28.6069
2025-12-15 11:08,69.3119,28.729
2025-12-15 11:09,69.2926,28.729
2025-12-15 11:10,69.2926,28.668
2025-12-15 11:11,69.2926,28.6375
2025-12-15 11:12,69.2926,28.5459
2025-12-15 11:13,69.3119,28.5154
2025-12-15 11:14,69.3505,28.5459
2025-12-15 11:15,69.4277,28.5459
2025-12-15 11:16,69.4857,28.4543
2025-12-15 11:17,69.505,28.4238
2025-12-15 11:18,69.5243,28.6069
2025-12-15 11:19,69.5243,28.6069
2025-12-15 11:20,69.505,28.5764
2025-12-15 11:21,69.505,28.5459
2025-12-15 11:22,69.4857,28.4849
2025-12-15 11:23,69.4664,28.4543
2025-12-15 11:24,69.4664,28.3628
2025-12-15 11:25,69.4664,28.3323
2025-12-15 11:26,69.505,28.3628
2025-12-15 11:27,69.5436,28.4238
2025-12-15 11:28,69.5822,28.3323
2025-12-15 11:29,69.6208,28.3018
2025-12-15 11:30,69.6208,28.4849
2025-12-15 11:31,69.6208,28.4543
2025-12-15 11:32,69.6015,28.4238
2025-12-15 11:33,69.5822,28.3323
2025-12-15 11:34,69.5629,28.3323
2025-12-15 11:35,69.5436,28.3323
2025-12-15 11:36,69.5243,28.2102
2025-12-15 11:37,69.505,28.2102
2025-12-15 11:38,69.5243,28.2102
2025-12-15 11:39,69.5436,28.3323
2025-12-15 11:40,69.5822,28.3323
2025-12-15 11:41,69.6401,28.2407
2025-12-15 11:42,69.6787,28.3018
2025-12-15 11:43,69.6787,28.4238
2025-12-15 11:44,69.6594,28.3933
2025-12-15 11:45,69.6594,28.3628
2025-12-15 11:46,69.6401,28.3018
2025-12-15 11:47,69.6208,28.2102
2025-12-15 11:48,69.6015,28.1797
2025-12-15 11:49,69.5822,28.1492
2025-12-15 11:50,69.5822,28.1492
2025-12-15 11:51,69.6208,28.1492
2025-12-15 11:52,69.6594,28.2102
2025-12-15 11:53,69.698,28.1187
2025-12-15 11:54,69.7366,28.1187
2025-12-15 11:55,69.7366,28.3628
2025-12-15 11:56,69.7366,28.3628
2025-12-15 11:57,69.7173,28.2407
2025-12-15 11:58,69.7173,28.2102
2025-12-15 11:59,69.698,28.1492
2025-12-15 12:00,69.6594,28.1187
2025-12-15 12:01,69.6401,28.1187
2025-12-15 12:02,69.6401,28.0881
2025-12-15 12:03,69.6401,28.0881
2025-12-15 12:04,69.6787,28.1492
2025-12-15 12:05,69.698,28.1492
2025-12-15 12:06,69.7559,28.0881
2025-12-15 12:07,69.7752,28.1187
2025-12-15 12:08,69.7752,28.2407
2025-12-15 12:09,69.7559,28.3018
2025-12-15 12:10,69.7559,28.3933
2025-12-15 12:11,69.7366,28.5459
2025-12-15 12:12,69.7173,28.6069
2025-12-15 12:13,69.6787,28.6069
2025-12-15 12:14,69.6594,28.3628
2025-12-15 12:15,69.6594,28.2102
2025-12-15 12:16,69.698,28.2102
2025-12-15 12:17,69.7366,28.2102
2025-12-15 12:18,69.7752,28.1187
2025-12-15 12:19,69.8139,28.1187
2025-12-15 12:20,69.8139,28.2407
2025-12-15 12:21,69.7945,28.2102
2025-12-15 12:22,69.7752,28.1492
2025-12-15 12:23,69.7752,28.0881
2025-12-15 12:24,69.7366,28.0271
2025-12-15 12:25,69.7173,27.9966
2025-12-15 12:26,69.6787,27.9661
2025-12-15 12:27,69.6594,27.9661
2025-12-15 12:28,69.6594,27.9661
2025-12-15 12:29,69.698,27.9661
2025-12-15 12:30,69.7366,27.9966
2025-12-15 12:31,69.7559,27.9661
2025-12-15 12:32,69.7945,27.9661
2025-12-15 12:33,69.7945,28.1492
2025-12-15 12:34,69.7752,28.1492
2025-12-15 12:35,69.7752,28.0881
2025-12-15 12:36,69.7559,27.9661
2025-12-15 12:37,69.7366,27.9355
2025-12-15 12:38,69.698,27.9355
2025-12-15 12:39,69.6787,27.9355
2025-12-15 12:40,69.6594,27.844
2025-12-15 12:41,69.6787,27.8745
2025-12-15 12:42,69.698,27.9355
2025-12-15 12:43,69.7366,27.9355
2025-12-15 12:44,69.7752,27.844
2025-12-15 12:45,69.7945,27.9966
2025-12-15 12:46,69.7945,27.9966
2025-12-15 12:47,69.7752,27.9661
2025-12-15 12:48,69.7559,27.9355
2025-12-15 12:49,69.7366,27.844
2025-12-15 12:50,69.698,27.7524
2025-12-15 12:51,69.6787,27.6914
2025-12-15 12:52,69.6594,27.7524
2025-12-15 12:53,69.6594,27.7524
2025-12-15 12:54,69.6787,27.7524
2025-12-15 12:55,69.7173,27.844
2025-12-15 12:56,69.7559,27.7524
2025-12-15 12:57,69.7945,27.7524
2025-12-15 12:58,69.7945,27.9661
2025-12-15 12:59,69.7945,27.9661
2025-12-15 13:00,69.7752,27.9661
2025-12-15 13:01,69.7559,27.844
2025-12-15 13:02,69.7366,27.7524
2025-12-15 13:03,69.698,27.7524
2025-12-15 13:04,69.6787,27.7524
2025-12-15 13:05,69.6594,27.6914
2025-12-15 13:06,69.6787,27.7524
2025-12-15 13:07,69.698,27.8135
2025-12-15 13:08,69.7366,27.8135
2025-12-15 13:09,69.7559,27.6914
2025-12-15 13:10,69.7945,27.7524
2025-12-15 13:11,69.7945,27.9355
2025-12-15 13:12,69.7752,27.9661
2025-12-15 13:13,69.7559,27.9355
2025-12-15 13:14,69.7366,27.844
2025-12-15 13:15,69.7173,27.844
2025-12-15 13:16,69.698,27.844
2025-12-15 13:17,69.6594,27.844
2025-12-15 13:18,69.6594,27.6914
2025-12-15 13:19,69.6787,27.6914
2025-12-15 13:20,69.698,27.7524
2025-12-15 13:21,69.7366,27.7524
2025-12-15 13:22,69.7752,27.6609
2025-12-15 13:23,69.7945,27.8135
2025-12-15 13:24,69.7752,27.9355
2025-12-15 13:25,69.7752,27.9355
2025-12-15 13:26,69.7559,27.9355
2025-12-15 13:27,69.7366,27.9355
2025-12-15 13:28,69.698,27.8745
2025-12-15 13:29,69.6787,27.844
2025-12-15 13:30,69.6594,27.844
2025-12-15 13:31,69.6401,27.7524
2025-12-15 13:32,69.6401,27.6609
2025-12-15 13:33,69.6594,27.6914
2025-12-15 13:34,69.698,27.6609
2025-12-15 13:35,69.7559,27.5999
2025-12-15 13:36,69.7559,27.8135
2025-12-15 13:37,69.7366,27.8745
2025-12-15 13:38,69.7366,27.9355
2025-12-15 13:39,69.698,27.9355
2025-12-15 13:40,69.698,27.8745
2025-12-15 13:41,69.6594,27.844
2025-12-15 13:42,69.6208,27.783
2025-12-15 13:43,69.6015,27.7524
2025-12-15 13:44,69.5629,27.6609
2025-12-15 13:45,69.5243,27.6304
2025-12-15 13:46,69.505,27.6304
2025-12-15 13:47,69.4664,27.6304
2025-12-15 13:48,69.4277,27.5388
2025-12-15 13:49,69.3891,27.5388
2025-12-15 13:50,69.3505,27.5999
2025-12-15 13:51,69.3119,27.5388
2025-12-15 13:52,69.2926,27.5999
2025-12-15 13:53,69.254,27.5388
2025-12-15 13:54,69.2154,27.5693
2025-12-15 13:55,69.1768,27.5693
2025-12-15 13:56,69.1382,27.5388
2025-12-15 13:57,69.0995,27.5388
2025-12-15 13:58,69.0803,27.5693
2025-12-15 13:59,69.0416,27.5693
2025-12-15 14:00,69.003,27.5999
2025-12-15 14:01,68.9644,27.5999
2025-12-15 14:02,68.9258,27.5999
2025-12-15 14:03,68.8872,27.5999
2025-12-15 14:04,68.8679,27.6304
2025-12-15 14:05,68.8293,27.6304
2025-12-15 14:06,68.81,27.6304
2025-12-15 14:07,68.7714,27.6304
2025-12-15 14:08,68.7328,27.6304
2025-12-15 14:09,68.6942,27.6914
2025-12-15 14:10,68.6362,27.6914
2025-12-15 14:11,68.5976,27.6914
2025-12-15 14:12,68.5783,27.6914
2025-12-15 14:13,68.5397,27.7524
2025-12-15 14:14,68.5204,27.783
2025-12-15 14:15,68.5204,27.8135
2025-12-15 14:16,68.5397,27.783
2025-12-15 14:17,68.559,27.8135
2025-12-15 14:18,68.559,27.9661
2025-12-15 14:19,68.5397,27.9661
2025-12-15 14:20,68.5204,27.9355
2025-12-15 14:21,68.4818,27.8745
2025-12-15 14:22,68.4432,27.8135
2025-12-15 14:23,68.4239,27.8135
2025-12-15 14:24,68.4239,27.783
2025-12-15 14:25,68.4239,27.7524
2025-12-15 14:26,68.4239,27.783
2025-12-15 14:27,68.4046,27.783
2025-12-15 14:28,68.4046,27.7219
2025-12-15 14:29,68.4046,27.7524
2025-12-15 14:30,68.4046,27.7524
2025-12-15 14:31,68.3853,27.8135
2025-12-15 14:32,68.308,27.844
2025-12-15 14:33,68.2694,27.8135
2025-12-15 14:34,68.2308,27.8135
2025-12-15 14:35,68.1922,27.844
2025-12-15 14:36,68.1536,27.844
2025-12-15 14:37,68.1343,27.8745
2025-12-15 14:38,68.0957,27.844
2025-12-15 14:39,68.0571,27.844
2025-12-15 14:40,68.0571,27.905
2025-12-15 14:41,68.0571,27.905
2025-12-15 14:42,68.0764,27.9661
2025-12-15 14:43,68.0957,27.905
2025-12-15 14:44,68.115,28.0576
2025-12-15 14:45,68.115,28.0881
2025-12-15 14:46,68.0957,28.0881
2025-12-15 14:47,68.0957,27.9966
2025-12-15 14:48,68.0764,27.9661
2025-12-15 14:49,68.0571,27.905
2025-12-15 14:50,68.0378,27.905
2025-12-15 14:51,68.0378,27.8745
2025-12-15 14:52,68.0185,27.844
2025-12-15 14:53,67.9992,27.844
2025-12-15 14:54,67.9606,27.844
2025-12-15 14:55,67.9413,27.844
2025-12-15 14:56,67.9219,27.8745
2025-12-15 14:57,67.8833,27.8745
2025-12-15 14:58,67.864,27.8745
2025-12-15 14:59,67.8254,27.905
2025-12-15 15:00,67.7868,27.905
2025-12-15 15:01,67.7675,27.9661
2025-12-15 15:02,67.7675,27.9661
2025-12-15 15:03,67.7868,27.9966
2025-12-15 15:04,67.8061,27.9966
2025-12-15 15:05,67.8447,27.9966
2025-12-15 15:06,67.8447,28.0576
2025-12-15 15:07,67.8447,28.1187
2025-12-15 15:08,67.8447,28.0576
2025-12-15 15:09,67.8254,28.0576
2025-12-15 15:10,67.8061,27.9966
2025-12-15 15:11,67.7868,27.9966
2025-12-15 15:12,67.7675,27.9661
2025-12-15 15:13,67.7675,27.9661
2025-12-15 15:14,67.7482,27.905
2025-12-15 15:15,67.7289,27.9661
2025-12-15 15:16,67.7096,27.9661
2025-12-15 15:17,67.6903,27.9661
2025-12-15 15:18,67.671,28.0271
2025-12-15 15:19,67.6517,28.0881
2025-12-15 15:20,67.6324,28.2102
2025-12-15 15:21,67.6131,28.3018
2025-12-15 15:22,67.6324,28.4238
2025-12-15 15:23,67.6517,28.3628
2025-12-15 15:24,67.6903,28.3323
2025-12-15 15:25,67.7289,28.3323
2025-12-15 15:26,67.7289,28.3628
2025-12-15 15:27,67.7289,28.5764
2025-12-15 15:28,67.7289,28.6069
2025-12-15 15:29,67.7289,28.5764
2025-12-15 15:30,67.7096,28.5154
2025-12-15 15:31,67.6903,28.4849
2025-12-15 15:32,67.671,28.4238
2025-12-15 15:33,67.6517,28.4238
2025-12-15 15:34,67.6324,28.3323
2025-12-15 15:35,67.6131,28.3323
2025-12-15 15:36,67.5938,28.3323
2025-12-15 15:37,67.5744,28.3323
2025-12-15 15:38,67.5551,28.3628
2025-12-15 15:39,67.5358,28.4238
2025-12-15 15:40,67.5358,28.4238
2025-12-15 15:41,67.5551,28.4238
2025-12-15 15:42,67.5938,28.3628
2025-12-15 15:43,67.6131,28.4543
2025-12-15 15:44,67.6131,28.5764
2025-12-15 15:45,67.5938,28.5764
2025-12-15 15:46,67.5938,28.5764
2025-12-15 15:47,67.5744,28.5154
2025-12-15 15:48,67.5744,28.4849
2025-12-15 15:49,67.5551,28.4543
2025-12-15 15:50,67.5358,28.4238
2025-12-15 15:51,67.5358,28.4238
2025-12-15 15:52,67.5551,28.4543
2025-12-15 15:53,67.5744,28.4543
2025-12-15 15:54,67.6324,28.4543
2025-12-15 15:55,67.7096,28.4238
2025-12-15 15:56,67.7868,28.3933
2025-12-15 15:57,67.864,28.3323
2025-12-15 15:58,67.9219,28.3933
2025-12-15 15:59,67.9219,28.4543
2025-12-15 16:00,67.9219,28.4238
2025-12-15 16:01,67.9606,28.3018
2025-12-15 16:02,67.9992,28.2712
2025-12-15 16:03,68.0378,28.2712
2025-12-15 16:04,68.1343,28.2712
2025-12-15 16:05,68.2308,28.2407
2025-12-15 16:06,68.3853,28.1187
2025-12-15 16:07,68.4046,28.0881
2025-12-15 16:08,68.4046,28.1492
2025-12-15 16:09,68.4046,28.2407
2025-12-15 16:10,68.4046,28.2712
2025-12-15 16:11,68.4046,28.0881
2025-12-15 16:12,68.4046,28.0576
2025-12-15 16:13,68.4239,28.0576
2025-12-15 16:14,68.4239,28.0576
2025-12-15 16:15,68.5011,28.0271
2025-12-15 16:16,68.5976,27.9355
2025-12-15 16:17,68.6362,27.9661
2025-12-15 16:18,68.6362,28.0271
2025-12-15 16:19,68.6169,28.0576
2025-12-15 16:20,68.5976,28.0576
2025-12-15 16:21,68.559,28.0271
2025-12-15 16:22,68.559,27.9355
2025-12-15 16:23,68.559,27.9355
2025-12-15 16:24,68.5783,27.9355
2025-12-15 16:25,68.6362,27.905
2025-12-15 16:26,68.6942,27.8745
2025-12-15 16:27,68.7521,27.8745
2025-12-15 16:28,68.7521,27.9355
2025-12-15 16:29,68.7328,28.0271
2025-12-15 16:30,68.7135,28.0271
2025-12-15 16:31,68.6942,27.9355
2025-12-15 16:32,68.6362,27.9355
2025-12-15 16:33,68.5976,27.9355
2025-12-15 16:34,68.5976,27.8745
2025-12-15 16:35,68.6362,27.8745
2025-12-15 16:36,68.6942,27.8745
2025-12-15 16:37,68.7328,27.8135
2025-12-15 16:38,68.7907,27.844
2025-12-15 16:39,68.7907,27.9355
2025-12-15 16:40,68.7907,27.9355
2025-12-15 16:41,68.7714,27.9355
2025-12-15 16:42,68.7521,27.9355
2025-12-15 16:43,68.7135,27.9355
2025-12-15 16:44,68.6942,27.8135
2025-12-15 16:45,68.7328,27.783
2025-12-15 16:46,68.7521,27.8135
2025-12-15 16:47,68.81,27.783
2025-12-15 16:48,68.8486,27.783
2025-12-15 16:49,68.8872,27.783
2025-12-15 16:50,68.8872,27.8745
2025-12-15 16:51,68.8679,27.905
2025-12-15 16:52,68.8486,27.9355
2025-12-15 16:53,68.8293,27.8745
2025-12-15 16:54,68.7907,27.8745
2025-12-15 16:55,68.7714,27.783
2025-12-15 16:56,68.7907,27.7524
2025-12-15 16:57,68.81,27.783
2025-12-15 16:58,68.8486,27.7524
2025-12-15 16:59,68.9065,27.7524
2025-12-15 17:00,68.9451,27.7219
2025-12-15 17:01,68.9644,27.844
2025-12-15 17:02,68.9451,27.8745
2025-12-15 17:03,68.9258,27.844
2025-12-15 17:04,68.8872,27.844
2025-12-15 17:05,68.8679,27.783
2025-12-15 17:06,68.8679,27.7219
2025-12-15 17:07,68.8679,27.7219
2025-12-15 17:08,68.9065,27.783
2025-12-15 17:09,68.9451,27.7524
2025-12-15 17:10,68.9837,27.6304
2025-12-15 17:11,69.0416,27.7219
2025-12-15 17:12,69.0223,27.8135
2025-12-15 17:13,69.0223,27.844
2025-12-15 17:14,69.003,27.783
2025-12-15 17:15,68.9644,27.783
2025-12-15 17:16,68.9451,27.783
2025-12-15 17:17,68.9451,27.7219
2025-12-15 17:18,68.9644,27.7219
2025-12-15 17:19,68.9837,27.7524
2025-12-15 17:20,69.0223,27.8135
2025-12-15 17:21,69.0803,27.783
2025-12-15 17:22,69.1189,27.8135
2025-12-15 17:23,69.1189,27.9661
2025-12-15 17:24,69.1189,27.9661
2025-12-15 17:25,69.0995,27.9966
2025-12-15 17:26,69.0803,27.9661
2025-12-15 17:27,69.0803,27.8745
2025-12-15 17:28,69.0803,27.844
2025-12-15 17:29,69.1189,27.8745
2025-12-15 17:30,69.1382,27.9355
2025-12-15 17:31,69.1768,27.9661
2025-12-15 17:32,69.2347,27.9661
2025-12-15 17:33,69.2926,27.9661
2025-12-15 17:34,69.2926,28.1492
2025-12-15 17:35,69.2926,28.2102
2025-12-15 17:36,69.2733,28.2102
2025-12-15 17:37,69.254,28.2102
2025-12-15 17:38,69.254,28.4849
2025-12-15 17:39,69.2733,29.6445
2025-12-15 17:40,69.3119,29.4614
2025-12-15 17:41,69.3505,29.4919
2025-12-15 17:42,69.4084,29.553
2025-12-15 17:43,69.4857,30.5906
2025-12-15 17:44,69.5243,31.4146
2025-12-15 17:45,69.5436,30.4685
2025-12-15 17:46,69.5436,31.7502
2025-12-15 17:47,69.5436,30.9263
2025-12-15 17:48,69.5243,30.7126
2025-12-15 17:49,69.505,32.147
2025-12-15 17:50,69.5436,33.5203
2025-12-15 17:51,69.5822,32.9099
2025-12-15 17:52,69.6015,32.2996
2025-12-15 17:53,69.6594,31.9333
2025-12-15 17:54,69.7173,31.9028
2025-12-15 17:55,69.7559,32.147
2025-12-15 17:56,69.7559,32.147
2025-12-15 17:57,69.7559,31.8113
2025-12-15 17:58,69.7366,31.6587
2025-12-15 17:59,69.7173,31.7502
2025-12-15 18:00,69.7173,31.6587
2025-12-15 18:01,69.7366,31.7502
2025-12-15 18:02,69.7559,31.5366
2025-12-15 18:03,69.7945,31.384
2025-12-15 18:04,69.8331,31.262
2025-12-15 18:05,69.9104,31.384
2025-12-15 18:06,69.9683,31.4756
2025-12-15 18:07,69.9683,31.8418
2025-12-15 18:08,69.9683,31.7502
2025-12-15 18:09,69.9683,31.7502
2025-12-15 18:10,69.9683,31.9639
2025-12-15 18:11,69.9683,31.8723
2025-12-15 18:12,69.9683,31.9028
2025-12-15 18:13,70.0069,31.7502
2025-12-15 18:14,70.0648,31.4756
2025-12-15 18:15,70.1034,31.4146
2025-12-15 18:16,70.142,31.4451
2025-12-15 18:17,70.1806,32.147
2025-12-15 18:18,70.1806,32.2996
2025-12-15 18:19,70.1613,32.1165
2025-12-15 18:20,70.1613,31.9639
2025-12-15 18:21,70.142,31.8723
2025-12-15 18:22,70.1227,31.4756
2025-12-15 18:23,70.1227,31.323
2025-12-15 18:24,70.1613,31.2009
2025-12-15 18:25,70.1806,31.0483
2025-12-15 18:26,70.2193,30.9873
2025-12-15 18:27,70.2772,30.8958
2025-12-15 18:28,70.2965,30.9873
2025-12-15 18:29,70.2965,31.8418
2025-12-15 18:30,70.2772,31.6282
2025-12-15 18:31,70.2772,31.5366
2025-12-15 18:32,70.2579,31.4146
2025-12-15 18:33,70.2386,31.0789
2025-12-15 18:34,70.2386,30.8652
2025-12-15 18:35,70.2579,30.7432
2025-12-15 18:36,70.2772,30.6211
2025-12-15 18:37,70.2965,30.5295
2025-12-15 18:38,70.3737,30.438
2025-12-15 18:39,70.393,30.6821
2025-12-15 18:40,70.393,31.4146
2025-12-15 18:41,70.393,31.2925
2025-12-15 18:42,70.393,31.1704
2025-12-15 18:43,70.3544,31.2314
2025-12-15 18:44,70.3351,30.8347
2025-12-15 18:45,70.3351,30.5295
2025-12-15 18:46,70.3544,30.4075
2025-12-15 18:47,70.393,30.2854
2025-12-15 18:48,70.393,30.1633
2025-12-15 18:49,70.4702,30.1328
2025-12-15 18:50,70.5088,30.1328
2025-12-15 18:51,70.5088,30.7126
2025-12-15 18:52,70.4895,30.5601
2025-12-15 18:53,70.4702,30.5601
2025-12-15 18:54,70.4509,30.6211
2025-12-15 18:55,70.4316,30.5601
2025-12-15 18:56,70.4123,30.2854
2025-12-15 18:57,70.4509,30.1633
2025-12-15 18:58,70.4509,30.1328
2025-12-15 18:59,70.4895,29.9192
2025-12-15 19:00,70.5281,29.8887
2025-12-15 19:01,70.5667,29.9497
2025-12-15 19:02,70.5667,30.4075
2025-12-15 19:03,70.5667,30.6821
2025-12-15 19:04,70.5474,30.7432
2025-12-15 19:05,70.5281,30.6821
2025-12-15 19:06,70.5088,30.4075
2025-12-15 19:07,70.4895,30.1938
2025-12-15 19:08,70.5088,30.1328
2025-12-15 19:09,70.5281,29.9497
2025-12-15 19:10,70.5474,29.8887
2025-12-15 19:11,70.5861,29.8582
2025-12-15 19:12,70.6247,29.7971
2025-12-15 19:13,70.6633,30.1023
2025-12-15 19:14,70.644,30.3464
2025-12-15 19:15,70.6247,30.1938
2025-12-15 19:16,70.6054,30.3464
2025-12-15 19:17,70.6054,30.4075
2025-12-15 19:18,70.5667,30.1633
2025-12-15 19:19,70.5861,29.9497
2025-12-15 19:20,70.6054,29.7361
2025-12-15 19:21,70.6247,29.675
2025-12-15 19:22,70.6633,29.675
2025-12-15 19:23,70.7019,29.5835
2025-12-15 19:24,70.7405,29.614
2025-12-15 19:25,70.7212,30.1023
2025-12-15 19:26,70.7212,30.1938
2025-12-15 19:27,70.7019,30.4075
2025-12-15 19:28,70.6826,30.2854
2025-12-15 19:29,70.644,29.9802
2025-12-15 19:30,70.6247,29.675
2025-12-15 19:31,70.644,29.5225
2025-12-15 19:32,70.6633,29.4309
2025-12-15 19:33,70.6826,29.3088
2025-12-15 19:34,70.7212,29.1868
2025-12-15 19:35,70.7598,29.3088
2025-12-15 19:36,70.7598,29.5835
2025-12-15 19:37,70.7405,29.7971
2025-12-15 19:38,70.7405,29.8276
2025-12-15 19:39,70.7212,29.8582
2025-12-15 19:40,70.6826,29.7056
2025-12-15 19:41,70.6633,29.4309
2025-12-15 19:42,70.6633,29.1868
2025-12-15 19:43,70.6826,29.1257
2025-12-15 19:44,70.7019,29.0647
2025-12-15 19:45,70.7405,29.0037
2025-12-15 19:46,70.7791,28.9426
2025-12-15 19:47,70.7984,29.0647
2025-12-15 19:48,70.7791,29.4004
2025-12-15 19:49,70.7598,29.675
2025-12-15 19:50,70.7405,29.5835
2025-12-15 19:51,70.7212,29.5225
2025-12-15 19:52,70.6826,29.1563
2025-12-15 19:53,70.6826,29.0037
2025-12-15 19:54,70.7019,28.9121
2025-12-15 19:55,70.7405,28.9121
2025-12-15 19:56,70.7791,28.79
2025-12-15 19:57,70.8177,28.668
2025-12-15 19:58,70.8563,28.8511
2025-12-15 19:59,70.8756,28.9426
2025-12-15 20:00,70.8756,29.0037
2025-12-15 20:01,70.8563,29.1257
2025-12-15 20:02,70.837,29.1563
2025-12-15 20:03,70.7984,29.1257
2025-12-15 20:04,70.7791,29.0037
2025-12-15 20:05,70.7984,28.9121
2025-12-15 20:06,70.8177,28.79
2025-12-15 20:07,70.8563,28.7595
2025-12-15 20:08,70.8949,28.729
2025-12-15 20:09,70.9142,28.729
2025-12-15 20:10,70.9142,29.5225
2025-12-15 20:11,70.8949,29.4004
2025-12-15 20:12,70.8949,29.2783
2025-12-15 20:13,70.8949,29.1563
2025-12-15 20:14,70.8563,29.0647
2025-12-15 20:15,70.8177,28.79
2025-12-15 20:16,70.8177,28.668
2025-12-15 20:17,70.837,28.668
2025-12-15 20:18,70.8756,28.668
2025-12-15 20:19,70.8949,28.5764
2025-12-15 20:20,70.9336,28.5459
2025-12-15 20:21,70.9529,28.9731
2025-12-15 20:22,70.9142,29.1257
2025-12-15 20:23,70.8949,29.0037
2025-12-15 20:24,70.8949,29.0037
2025-12-15 20:25,70.8756,28.8511
2025-12-15 20:26,70.8563,28.6375
2025-12-15 20:27,70.837,28.5154
2025-12-15 20:28,70.8563,28.5154
2025-12-15 20:29,70.8949,28.5154
2025-12-15 20:30,70.8949,28.4543
2025-12-15 20:31,70.9529,28.3933
2025-12-15 20:32,70.9722,28.5764
2025-12-15 20:33,70.9722,28.8511
2025-12-15 20:34,70.9336,28.8206
2025-12-15 20:35,70.9142,28.729
2025-12-15 20:36,70.8949,28.668
2025-12-15 20:37,70.8756,28.5764
2025-12-15 20:38,70.8756,28.4238
2025-12-15 20:39,70.8756,28.3018
2025-12-15 20:40,70.8949,28.2712
2025-12-15 20:41,70.8949,28.2712
2025-12-15 20:42,70.9336,28.1797
2025-12-15 20:43,70.9722,28.4238
2025-12-15 20:44,70.9722,28.729
2025-12-15 20:45,70.9336,28.6985
2025-12-15 20:46,70.9336,28.668
2025-12-15 20:47,70.8949,28.6069
2025-12-15 20:48,70.8949,28.5459
2025-12-15 20:49,70.8756,28.4238
2025-12-15 20:50,70.8949,28.2102
2025-12-15 20:51,70.8949,28.1797
2025-12-15 20:52,70.8949,28.2102
2025-12-15 20:53,70.9529,28.1492
2025-12-15 20:54,70.9915,28.1797
2025-12-15 20:55,70.9915,28.4543
2025-12-15 20:56,70.9915,28.6069
2025-12-15 20:57,70.9722,28.5459
2025-12-15 20:58,70.9529,28.5154
2025-12-15 20:59,70.9142,28.4238
2025-12-15 21:00,70.8949,28.2102
2025-12-15 21:01,70.8949,28.0576
2025-12-15 21:02,70.9142,28.0271
2025-12-15 21:03,70.9336,28.0576
2025-12-15 21:04,70.9529,28.0271
2025-12-15 21:05,71.0108,27.905
2025-12-15 21:06,71.0301,28.2102
2025-12-15 21:07,71.0301,28.4543
2025-12-15 21:08,71.0108,28.4543
2025-12-15 21:09,70.9915,28.4238
2025-12-15 21:10,70.9529,28.2712
2025-12-15 21:11,70.9142,28.1492
2025-12-15 21:12,70.8949,28.0576
2025-12-15 21:13,70.8949,27.905
2025-12-15 21:14,70.9529,27.905
2025-12-15 21:15,70.9722,27.905
2025-12-15 21:16,70.9915,27.905
2025-12-15 21:17,71.0494,27.9355
2025-12-15 21:18,71.0494,28.1797
2025-12-15 21:19,71.0301,28.2102
2025-12-15 21:20,71.0108,28.2712
2025-12-15 21:21,70.9915,28.1492
2025-12-15 21:22,70.9529,28.1492
2025-12-15 21:23,70.9336,28.0271
2025-12-15 21:24,70.9336,27.905
2025-12-15 21:25,70.9529,27.844
2025-12-15 21:26,70.9722,27.8745
2025-12-15 21:27,71.0108,27.8745
2025-12-15 21:28,71.0494,27.7219
2025-12-15 21:29,71.0494,28.0576
2025-12-15 21:30,71.0494,28.1797
2025-12-15 21:31,71.0301,28.1492
2025-12-15 21:32,70.9915,28.1492
2025-12-15 21:33,70.9722,28.0576
2025-12-15 21:34,70.9336,27.9966
2025-12-15 21:35,70.9336,27.7524
2025-12-15 21:36,70.9529,27.7219
2025-12-15 21:37,70.9722,27.7219
2025-12-15 21:38,71.0108,27.7219
2025-12-15 21:39,71.0494,27.5999
2025-12-15 21:40,71.0494,27.844
2025-12-15 21:41,71.0494,27.9966
2025-12-15 21:42,71.0494,28.0576
2025-12-15 21:43,71.0108,28.0271
2025-12-15 21:44,70.9915,27.9966
2025-12-15 21:45,70.9529,27.9355
2025-12-15 21:46,71.2424,30.8958
2025-12-15 21:47,71.5706,27.9966
2025-12-15 21:48,71.6285,27.7219
2025-12-15 21:49,71.6478,27.5083
2025-12-15 21:50,71.6672,27.3862
2025-12-15 21:51,71.6864,27.3252
2025-12-15 21:52,71.6672,27.4167
2025-12-15 21:53,71.6092,27.5999
2025-12-15 21:54,71.5513,27.5999
2025-12-15 21:55,71.4741,27.5693
2025-12-15 21:56,71.3969,27.5693
2025-12-15 21:57,71.3197,27.5693
2025-12-15 21:58,71.281,27.4473
2025-12-15 21:59,71.2424,27.4167
2025-12-15 22:00,71.281,27.4473
2025-12-15 22:01,71.3003,27.4473
2025-12-15 22:02,71.3197,27.4167
2025-12-15 22:03,71.339,27.4167
2025-12-15 22:04,71.339,27.4167
2025-12-15 22:05,71.3197,27.4473
2025-12-15 22:06,71.281,27.4473
2025-12-15 22:07,71.2424,27.4778
2025-12-15 22:08,71.2231,27.5693
2025-12-15 22:09,71.1845,27.5083
2025-12-15 22:10,71.1266,27.4778
2025-12-15 22:11,71.088,27.4778
2025-12-15 22:12,71.088,27.4778
2025-12-15 22:13,71.1266,27.4473
2025-12-15 22:14,71.1652,27.4473
2025-12-15 22:15,71.1845,27.4473
2025-12-15 22:16,71.1845,27.4473
2025-12-15 22:17,71.1459,27.4473
2025-12-15 22:18,71.1266,27.4473
2025-12-15 22:19,71.088,27.4778
2025-12-15 22:20,71.0494,27.5693
2025-12-15 22:21,71.0108,27.4778
2025-12-15 22:22,70.9722,27.5693
2025-12-15 22:23,70.9722,27.5999
2025-12-15 22:24,71.0494,27.6304
2025-12-15 22:25,71.1073,27.6304
2025-12-15 22:26,71.1459,27.6304
2025-12-15 22:27,71.1652,27.6304
2025-12-15 22:28,71.1652,27.6304
2025-12-15 22:29,71.1652,27.7219
2025-12-15 22:30,71.1459,27.6609
2025-12-15 22:31,71.1266,27.6609
2025-12-15 22:32,71.088,27.7219
2025-12-15 22:33,71.0494,27.7524
2025-12-15 22:34,71.0494,27.844
2025-12-15 22:35,71.0687,27.844
2025-12-15 22:36,71.1266,27.7219
2025-12-15 22:37,71.1845,27.7524
2025-12-15 22:38,71.2038,27.7219
2025-12-15 22:39,71.1845,27.7219
2025-12-15 22:40,71.1845,27.844
2025-12-15 22:41,71.1652,27.844
2025-12-15 22:42,71.1459,27.844
2025-12-15 22:43,71.1073,27.8745
2025-12-15 22:44,71.0687,27.7524
2025-12-15 22:45,71.0494,27.7524
2025-12-15 22:46,71.0494,27.844
2025-12-15 22:47,71.0687,27.7219
2025-12-15 22:48,71.1459,27.6304
2025-12-15 22:49,71.1845,27.6304
2025-12-15 22:50,71.1845,27.6304
2025-12-15 22:51,71.1652,27.7219
2025-12-15 22:52,71.1459,27.6304
2025-12-15 22:53,71.1266,27.6609
2025-12-15 22:54,71.1073,27.7219
2025-12-15 22:55,71.0687,27.6609
2025-12-15 22:56,71.0494,27.6609
2025-12-15 22:57,71.0301,27.6609
2025-12-15 22:58,71.0494,27.6304
2025-12-15 22:59,71.1073,27.5693
2025-12-15 23:00,71.1459,27.5693
2025-12-15 23:01,71.1652,27.5693
2025-12-15 23:02,71.1652,27.5693
2025-12-15 23:03,71.1652,27.5693
2025-12-15 23:04,71.1459,27.5693
2025-12-15 23:05,71.1266,27.5693
2025-12-15 23:06,71.1073,27.5999
2025-12-15 23:07,71.088,27.5999
2025-12-15 23:08,71.0687,27.6304
2025-12-15 23:09,71.0301,27.6304
2025-12-15 23:10,71.0108,27.5999
2025-12-15 23:11,70.9722,27.6304
2025-12-15 23:12,70.9336,27.6304
2025-12-15 23:13,70.8949,27.6609
2025-12-15 23:14,70.8949,27.7219
2025-12-15 23:15,70.8563,27.6914
2025-12-15 23:16,70.7984,27.6304
2025-12-15 23:17,70.7598,27.6609
2025-12-15 23:18,70.7405,27.6609
2025-12-15 23:19,70.7405,27.6609
2025-12-15 23:20,70.7984,27.6304
2025-12-15 23:21,70.8177,27.6304
2025-12-15 23:22,70.837,27.6609
2025-12-15 23:23,70.837,27.6304
2025-12-15 23:24,70.8177,27.6304
2025-12-15 23:25,70.7984,27.6304
2025-12-15 23:26,70.7791,27.6304
2025-12-15 23:27,70.7791,27.6304
2025-12-15 23:28,70.7405,27.6304
2025-12-15 23:29,70.7212,27.6304
2025-12-15 23:30,70.7019,27.6609
2025-12-15 23:31,70.6633,27.5693
2025-12-15 23:32,70.6247,27.6304
2025-12-15 23:33,70.6054,27.6304
2025-12-15 23:34,70.6054,27.6304
2025-12-15 23:35,70.6633,27.5388
2025-12-15 23:36,70.7019,27.5388
2025-12-15 23:37,70.7019,27.5388
2025-12-15 23:38,70.7019,27.5693
2025-12-15 23:39,70.7019,27.5388
2025-12-15 23:40,70.7019,27.5388
2025-12-15 23:41,70.6826,27.5388
2025-12-15 23:42,70.6633,27.5083
2025-12-15 23:43,70.644,27.5388
2025-12-15 23:44,70.6054,27.5388
2025-12-15 23:45,70.5861,27.4778
2025-12-15 23:46,70.5474,27.5083
2025-12-15 23:47,70.5281,27.5083
2025-12-15 23:48,70.5281,27.5083
2025-12-15 23:49,70.5474,27.4778
2025-12-15 23:50,70.5861,27.4473
2025-12-15 23:51,70.644,27.4473
2025-12-15 23:52,70.644,27.4473
2025-12-15 23:53,70.644,27.4473
2025-12-15 23:54,70.6247,27.5388
2025-12-15 23:55,70.6247,27.4473
2025-12-15 23:56,70.6054,27.4473
2025-12-15 23:57,70.5861,27.4167
2025-12-15 23:58,70.5474,27.4473
2025-12-15 23:59,70.5088,27.4473
2025-12-16 00:00,70.4702,27.4778
2025-12-16 00:01,70.4316,27.5083
2025-12-16 00:02,70.4123,27.5083
2025-12-16 00:03,70.4509,27.4473
2025-12-16 00:04,70.5088,27.4473
2025-12-16 00:05,70.5281,27.4473
2025-12-16 00:06,70.5474,27.4778
2025-12-16 00:07,70.5474,27.4778
2025-12-16 00:08,70.5474,27.4473
2025-12-16 00:09,70.5281,27.4167
2025-12-16 00:10,70.4895,27.4778
2025-12-16 00:11,70.4702,27.4473
2025-12-16 00:12,70.4509,27.4473
2025-12-16 00:13,70.393,27.4473
2025-12-16 00:14,70.3737,27.4473
2025-12-16 00:15,70.3351,27.5083
2025-12-16 00:16,70.3351,27.5083
2025-12-16 00:17,70.3737,27.4473
2025-12-16 00:18,70.4123,27.4167
2025-12-16 00:19,70.4316,27.4167
2025-12-16 00:20,70.4316,27.4167
2025-12-16 00:21,70.4316,27.4167
2025-12-16 00:22,70.393,27.4167
2025-12-16 00:23,70.393,27.4167
2025-12-16 00:24,70.393,27.4167
2025-12-16 00:25,70.3544,27.4473
2025-12-16 00:26,70.3158,27.4473
2025-12-16 00:27,70.2579,27.4473
2025-12-16 00:28,70.2193,27.4167
2025-12-16 00:29,70.2193,27.4778
2025-12-16 00:30,70.2386,27.4473
2025-12-16 00:31,70.3158,27.4167
2025-12-16 00:32,70.3351,27.4167
2025-12-16 00:33,70.3544,27.4167
2025-12-16 00:34,70.3544,27.4167
2025-12-16 00:35,70.3351,27.4167
2025-12-16 00:36,70.3158,27.3557
2025-12-16 00:37,70.2965,27.3557
2025-12-16 00:38,70.2772,27.3557
2025-12-16 00:39,70.2386,27.4167
2025-12-16 00:40,70.2,27.3862
2025-12-16 00:41,70.1613,27.3862
2025-12-16 00:42,70.142,27.3862
2025-12-16 00:43,70.142,27.3862
2025-12-16 00:44,70.1806,27.3557
2025-12-16 00:45,70.2386,27.3557
2025-12-16 00:46,70.2386,27.3557
2025-12-16 00:47,70.2579,27.3557
2025-12-16 00:48,70.2386,27.3557
2025-12-16 00:49,70.2193,27.3557
2025-12-16 00:50,70.2,27.3557
2025-12-16 00:51,70.1806,27.3557
2025-12-16 00:52,70.1613,27.3557
2025-12-16 00:53,70.1227,27.3557
2025-12-16 00:54,70.0648,27.3557
2025-12-16 00:55,70.0648,27.3862
2025-12-16 00:56,70.0841,27.3862
2025-12-16 00:57,70.1227,27.3557
2025-12-16 00:58,70.1806,27.3557
2025-12-16 00:59,70.1806,27.2947
2025-12-16 01:00,70.2,27.2947
2025-12-16 01:01,70.1806,27.2947
2025-12-16 01:02,70.1613,27.2947
2025-12-16 01:03,70.142,27.3557
2025-12-16 01:04,70.1034,27.3557
2025-12-16 01:05,70.0648,27.3557
2025-12-16 01:06,70.0262,27.3557
2025-12-16 01:07,69.9876,27.3557
2025-12-16 01:08,69.9683,27.3862
2025-12-16 01:09,69.9876,27.3862
2025-12-16 01:10,70.0455,27.3557
2025-12-16 01:11,70.0841,27.3557
2025-12-16 01:12,70.1034,27.2947
2025-12-16 01:13,70.1034,27.2642
2025-12-16 01:14,70.1034,27.2947
2025-12-16 01:15,70.0841,27.2947
2025-12-16 01:16,70.0648,27.3557
2025-12-16 01:17,70.0455,27.3557
2025-12-16 01:18,70.0069,27.3557
2025-12-16 01:19,69.9683,27.3252
2025-12-16 01:20,69.9297,27.3252
2025-12-16 01:21,69.9104,27.3557
2025-12-16 01:22,69.9104,27.3557
2025-12-16 01:23,69.9683,27.3557
2025-12-16 01:24,70.0262,27.3557
2025-12-16 01:25,70.0455,27.3557
2025-12-16 01:26,70.0455,27.3557
2025-12-16 01:27,70.0262,27.3557
2025-12-16 01:28,70.0069,27.3557
2025-12-16 01:29,69.9876,27.3557
2025-12-16 01:30,69.949,27.3252
2025-12-16 01:31,69.9297,27.3252
2025-12-16 01:32,69.8718,27.3252
2025-12-16 01:33,69.8331,27.3557
2025-12-16 01:34,69.8331,27.3557
2025-12-16 01:35,69.8331,27.3557
2025-12-16 01:36,69.9104,27.3557
2025-12-16 01:37,69.9683,27.3557
2025-12-16 01:38,70.0069,27.3557
2025-12-16 01:39,70.0069,27.3557
2025-12-16 01:40,70.0069,27.3557
2025-12-16 01:41,69.9876,27.3557
2025-12-16 01:42,69.9876,27.3557
2025-12-16 01:43,69.949,27.3252
2025-12-16 01:44,69.9297,27.3252
2025-12-16 01:45,69.8911,27.3252
2025-12-16 01:46,69.8718,27.3252
2025-12-16 01:47,69.8525,27.3557
2025-12-16 01:48,69.8911,27.3557
2025-12-16 01:49,69.9683,27.3252
2025-12-16 01:50,70.0069,27.3557
2025-12-16 01:51,70.0262,27.3557
2025-12-16 01:52,70.0262,27.3557
2025-12-16 01:53,70.0069,27.3557
2025-12-16 01:54,69.9876,27.3557
2025-12-16 01:55,69.9683,27.3557
2025-12-16 01:56,69.949,27.3252
2025-12-16 01:57,69.9297,27.3252
2025-12-16 01:58,69.8911,27.3557
2025-12-16 01:59,69.8718,27.3557
2025-12-16 02:00,69.8718,27.3557
2025-12-16 02:01,69.9104,27.3557
2025-12-16 02:02,69.9683,27.3557
2025-12-16 02:03,70.0262,27.3557
2025-12-16 02:04,70.0455,27.3862
2025-12-16 02:05,70.0648,27.3557
2025-12-16 02:06,70.0648,27.3557
2025-12-16 02:07,70.0648,27.3557
2025-12-16 02:08,70.0648,27.3557
2025-12-16 02:09,70.0455,27.3557
2025-12-16 02:10,70.0262,27.3862
2025-12-16 02:11,70.0069,27.3557
2025-12-16 02:12,69.9876,27.3557
2025-12-16 02:13,70.0069,27.3557
2025-12-16 02:14,70.0262,27.3557
2025-12-16 02:15,70.0841,27.3557
2025-12-16 02:16,70.142,27.2947
2025-12-16 02:17,70.1613,27.3557
2025-12-16 02:18,70.1613,27.3557
2025-12-16 02:19,70.1806,27.2642
2025-12-16 02:20,70.1613,27.2642
2025-12-16 02:21,70.142,27.3557
2025-12-16 02:22,70.1227,27.3557
2025-12-16 02:23,70.0841,27.3557
2025-12-16 02:24,70.0841,27.2947
2025-12-16 02:25,70.0841,27.2947
2025-12-16 02:26,70.1034,27.2947
2025-12-16 02:27,70.142,27.2642
2025-12-16 02:28,70.2,27.2642
2025-12-16 02:29,70.2193,27.2642
2025-12-16 02:30,70.2193,27.2947
2025-12-16 02:31,70.2193,27.2642
2025-12-16 02:32,70.2193,27.2642
2025-12-16 02:33,70.2,27.2642
2025-12-16 02:34,70.1806,27.2642
2025-12-16 02:35,70.1613,27.2642
2025-12-16 02:36,70.1227,27.2642
2025-12-16 02:37,70.1227,27.2642
2025-12-16 02:38,70.1034,27.2642
2025-12-16 02:39,70.1227,27.2642
2025-12-16 02:40,70.1806,27.2031
2025-12-16 02:41,70.2193,27.2031
2025-12-16 02:42,70.2386,27.2031
2025-12-16 02:43,70.2386,27.2336
2025-12-16 02:44,70.2386,27.2031
2025-12-16 02:45,70.2193,27.2031
2025-12-16 02:46,70.2193,27.2031
2025-12-16 02:47,70.1806,27.2336
2025-12-16 02:48,70.1613,27.2031
2025-12-16 02:49,70.1227,27.2031
2025-12-16 02:50,70.0841,27.2031
2025-12-16 02:51,70.0648,27.2336
2025-12-16 02:52,70.0648,27.2642
2025-12-16 02:53,70.1034,27.2031
2025-12-16 02:54,70.142,27.2031
2025-12-16 02:55,70.1613,27.2031
2025-12-16 02:56,70.1613,27.2031
2025-12-16 02:57,70.142,27.2031
2025-12-16 02:58,70.142,27.2031
2025-12-16 02:59,70.1227,27.2031
2025-12-16 03:00,70.0841,27.2336
2025-12-16 03:01,70.0648,27.2336
2025-12-16 03:02,70.0262,27.2336
2025-12-16 03:03,69.9683,27.2642
2025-12-16 03:04,69.9297,27.2642
2025-12-16 03:05,69.949,27.2642
2025-12-16 03:06,70.0069,27.2642
2025-12-16 03:07,70.0455,27.2336
2025-12-16 03:08,70.0455,27.2336
2025-12-16 03:09,70.0648,27.2336
2025-12-16 03:10,70.0455,27.2336
2025-12-16 03:11,70.0455,27.2336
2025-12-16 03:12,70.0262,27.2336
2025-12-16 03:13,70.0069,27.2336
2025-12-16 03:14,69.9876,27.2336
2025-12-16 03:15,69.9683,27.2642
2025-12-16 03:16,69.9104,27.2642
2025-12-16 03:17,69.8718,27.2642
2025-12-16 03:18,69.8525,27.2947
2025-12-16 03:19,69.8911,27.2947
2025-12-16 03:20,69.949,27.2642
2025-12-16 03:21,69.9876,27.2642
2025-12-16 03:22,69.9876,27.2336
2025-12-16 03:23,69.9876,27.2336
2025-12-16 03:24,69.9876,27.3557
2025-12-16 03:25,69.9876,27.2336
2025-12-16 03:26,69.9683,27.2336
2025-12-16 03:27,69.949,27.2642
2025-12-16 03:28,69.9297,27.2642
2025-12-16 03:29,69.8718,27.2642
2025-12-16 03:30,69.8331,27.2642
2025-12-16 03:31,69.8139,27.3252
2025-12-16 03:32,69.8331,27.3252
2025-12-16 03:33,69.8911,27.2642
2025-12-16 03:34,69.949,27.2642
2025-12-16 03:35,69.949,27.2642
2025-12-16 03:36,69.949,27.2642
2025-12-16 03:37,69.9297,27.2642
2025-12-16 03:38,69.9104,27.2642
2025-12-16 03:39,69.8911,27.2642
2025-12-16 03:40,69.8525,27.2642
2025-12-16 03:41,69.8331,27.2947
2025-12-16 03:42,69.7752,27.2947
2025-12-16 03:43,69.7366,27.3252
2025-12-16 03:44,69.7366,27.3252
2025-12-16 03:45,69.7366,27.3252
2025-12-16 03:46,69.7945,27.3252
2025-12-16 03:47,69.8331,27.2947
2025-12-16 03:48,69.8525,27.2642
2025-12-16 03:49,69.8525,27.2642
2025-12-16 03:50,69.8525,27.2642
2025-12-16 03:51,69.8331,27.2642
2025-12-16 03:52,69.8139,27.2642
2025-12-16 03:53,69.7752,27.2642
2025-12-16 03:54,69.7559,27.2947
2025-12-16 03:55,69.7173,27.2947
2025-12-16 03:56,69.698,27.3252
2025-12-16 03:57,69.6594,27.3252
2025-12-16 03:58,69.6787,27.3252
2025-12-16 03:59,69.7366,27.3252
2025-12-16 04:00,69.7752,27.3252
2025-12-16 04:01,69.8139,27.2947
2025-12-16 04:02,69.8139,27.2947
2025-12-16 04:03,69.7945,27.2947
2025-12-16 04:04,69.7945,27.2642
2025-12-16 04:05,69.7752,27.2642
2025-12-16 04:06,69.7366,27.2642
2025-12-16 04:07,69.7173,27.3252
2025-12-16 04:08,69.6787,27.3252
2025-12-16 04:09,69.6401,27.3252
2025-12-16 04:10,69.6015,27.3252
2025-12-16 04:11,69.6208,27.3557
2025-12-16 04:12,69.6594,27.3252
2025-12-16 04:13,69.7173,27.3252
2025-12-16 04:14,69.7366,27.2947
2025-12-16 04:15,69.7366,27.2947
2025-12-16 04:16,69.7366,27.2947
2025-12-16 04:17,69.7173,27.3252
2025-12-16 04:18,69.7173,27.2947
2025-12-16 04:19,69.6787,27.2947
2025-12-16 04:20,69.6594,27.3252
2025-12-16 04:21,69.6208,27.3252
2025-12-16 04:22,69.5629,27.3252
2025-12-16 04:23,69.5436,27.3252
2025-12-16 04:24,69.5436,27.3557
2025-12-16 04:25,69.6015,27.3557
2025-12-16 04:26,69.6594,27.3252
2025-12-16 04:27,69.6787,27.3252
2025-12-16 04:28,69.6787,27.3252
2025-12-16 04:29,69.6787,27.3252
2025-12-16 04:30,69.6594,27.3252
2025-12-16 04:31,69.6401,27.3252
2025-12-16 04:32,69.6208,27.3252
2025-12-16 04:33,69.5822,27.3252
2025-12-16 04:34,69.5629,27.3252
2025-12-16 04:35,69.5243,27.3252
2025-12-16 04:36,69.505,27.3557
2025-12-16 04:37,69.505,27.3557
2025-12-16 04:38,69.5436,27.3557
2025-12-16 04:39,69.6015,27.3252
2025-12-16 04:40,69.6401,27.3252
2025-12-16 04:41,69.6401,27.3252
2025-12-16 04:42,69.6401,27.3252
2025-12-16 04:43,69.6208,27.3252
2025-12-16 04:44,69.6015,27.3252
2025-12-16 04:45,69.5822,27.3252
2025-12-16 04:46,69.5629,27.3252
2025-12-16 04:47,69.5243,27.3252
2025-12-16 04:48,69.4857,27.3252
2025-12-16 04:49,69.4471,27.3557
2025-12-16 04:50,69.4471,27.3557
2025-12-16 04:51,69.4857,27.3557
2025-12-16 04:52,69.5629,27.3252
2025-12-16 04:53,69.5822,27.3252
2025-12-16 04:54,69.6015,27.3252
2025-12-16 04:55,69.5822,27.3252
2025-12-16 04:56,69.5822,27.3252
2025-12-16 04:57,69.5822,27.3252
2025-12-16 04:58,69.5629,27.3252
2025-12-16 04:59,69.5436,27.3252
2025-12-16 05:00,69.5436,27.3252
2025-12-16 05:01,69.5436,27.3252
2025-12-16 05:02,69.5822,27.3252
2025-12-16 05:03,69.6401,27.3252
2025-12-16 05:04,69.7173,27.2947
2025-12-16 05:05,69.7366,27.2642
2025-12-16 05:06,69.7366,27.2642
2025-12-16 05:07,69.7366,27.2642
2025-12-16 05:08,69.7366,27.2642
2025-12-16 05:09,69.7366,27.2642
2025-12-16 05:10,69.7366,27.2642
2025-12-16 05:11,69.7173,27.2642
2025-12-16 05:12,69.7173,27.2642
2025-12-16 05:13,69.7173,27.2642
2025-12-16 05:14,69.7366,27.2642
2025-12-16 05:15,69.8331,27.1726
2025-12-16 05:16,69.8911,27.1726
2025-12-16 05:17,69.8911,27.1726
2025-12-16 05:18,69.9104,27.2642
2025-12-16 05:19,69.9104,27.2642
2025-12-16 05:20,69.9104,27.3252
2025-12-16 05:21,69.8911,27.2947
2025-12-16 05:22,69.8525,27.2642
2025-12-16 05:23,69.8331,27.3252
2025-12-16 05:24,69.8525,27.3252
2025-12-16 05:25,69.8718,27.2947
2025-12-16 05:26,69.9297,27.2947
2025-12-16 05:27,69.9683,27.2642
2025-12-16 05:28,70.0069,27.2642
2025-12-16 05:29,70.0262,27.3557
2025-12-16 05:30,70.0262,27.3557
2025-12-16 05:31,70.0069,27.2947
2025-12-16 05:32,69.9683,27.2642
2025-12-16 05:33,69.9297,27.2642
2025-12-16 05:34,69.9104,27.2642
2025-12-16 05:35,69.8911,27.2642
2025-12-16 05:36,69.8911,27.2642
2025-12-16 05:37,69.8911,27.2642
2025-12-16 05:38,69.949,27.3252
2025-12-16 05:39,70.0069,27.2947
2025-12-16 05:40,70.0648,27.2947
2025-12-16 05:41,70.0648,27.3862
2025-12-16 05:42,70.0455,27.3862
2025-12-16 05:43,70.0262,27.3862
2025-12-16 05:44,69.9876,27.3557
2025-12-16 05:45,69.9683,27.3252
2025-12-16 05:46,69.949,27.3557
2025-12-16 05:47,69.9297,27.3252
2025-12-16 05:48,69.9297,27.3252
2025-12-16 05:49,69.949,27.3252
2025-12-16 05:50,70.0069,27.3557
2025-12-16 05:51,70.0648,27.3557
2025-12-16 05:52,70.0841,27.5083
2025-12-16 05:53,70.0841,27.5388
2025-12-16 05:54,70.0648,27.5388
2025-12-16 05:55,70.0648,27.5083
2025-12-16 05:56,70.0262,27.5388
2025-12-16 05:57,69.9876,27.5388
2025-12-16 05:58,69.9683,27.5083
2025-12-16 05:59,69.9683,27.5083
2025-12-16 06:00,70.0069,27.5388
2025-12-16 06:01,70.0648,27.5083
2025-12-16 06:02,70.1034,27.4167
2025-12-16 06:03,70.142,27.5083
2025-12-16 06:04,70.142,27.6609
2025-12-16 06:05,70.1227,27.6304
2025-12-16 06:06,70.1034,27.6609
2025-12-16 06:07,70.0841,27.6304
2025-12-16 06:08,70.0648,27.6609
2025-12-16 06:09,70.0262,27.6609
2025-12-16 06:10,69.9876,27.5693
2025-12-16 06:11,69.9683,27.5388
2025-12-16 06:12,69.9683,27.5388
2025-12-16 06:13,69.9876,27.5693
2025-12-16 06:14,70.0262,27.5388
2025-12-16 06:15,70.0648,27.5083
2025-12-16 06:16,70.0648,27.6304
2025-12-16 06:17,70.0648,27.6914
2025-12-16 06:18,70.0455,27.6609
2025-12-16 06:19,70.0069,27.6304
2025-12-16 06:20,69.9683,27.5083
2025-12-16 06:21,69.9683,27.4778
2025-12-16 06:22,69.9683,27.5083
2025-12-16 06:23,70.0069,27.4167
2025-12-16 06:24,70.0455,27.3862
2025-12-16 06:25,70.0841,27.3557
2025-12-16 06:26,70.1034,27.4167
2025-12-16 06:27,70.1034,27.5083
2025-12-16 06:28,70.0841,27.5083
2025-12-16 06:29,70.0648,27.4778
2025-12-16 06:30,70.0262,27.4167
2025-12-16 06:31,69.9876,27.4167
2025-12-16 06:32,69.9683,27.3557
2025-12-16 06:33,69.949,27.3252
2025-12-16 06:34,69.9683,27.3557
2025-12-16 06:35,69.9876,27.3557
2025-12-16 06:36,70.0455,27.2642
2025-12-16 06:37,70.0648,27.2947
2025-12-16 06:38,70.0648,27.3862
2025-12-16 06:39,70.0648,27.3862
2025-12-16 06:40,70.0262,27.3862
2025-12-16 06:41,70.0069,27.3557
2025-12-16 06:42,69.9683,27.3557
2025-12-16 06:43,69.9297,27.3252
2025-12-16 06:44,69.8911,27.2947
2025-12-16 06:45,69.8911,27.3252
2025-12-16 06:46,69.8911,27.2642
2025-12-16 06:47,69.8911,27.2642
2025-12-16 06:48,69.949,27.2031
2025-12-16 06:49,69.9876,27.2031
2025-12-16 06:50,70.0069,27.3557
2025-12-16 06:51,69.9683,27.3557
2025-12-16 06:52,69.949,27.2947
2025-12-16 06:53,69.9297,27.2642
2025-12-16 06:54,69.8911,27.2642
2025-12-16 06:55,69.8525,27.2947
2025-12-16 06:56,69.8331,27.2642
2025-12-16 06:57,69.8331,27.2642
2025-12-16 06:58,69.8331,27.2031
2025-12-16 06:59,69.8331,27.2031
2025-12-16 07:00,69.8911,27.1726
2025-12-16 07:01,69.9297,27.2031
2025-12-16 07:02,69.9297,27.3252
2025-12-16 07:03,69.9104,27.3252
2025-12-16 07:04,69.8911,27.2947
2025-12-16 07:05,69.8525,27.2642
2025-12-16 07:06,69.8331,27.2031
2025-12-16 07:07,69.7945,27.2031
2025-12-16 07:08,69.7752,27.2031
2025-12-16 07:09,69.7752,27.2031
2025-12-16 07:10,69.7752,27.1726
2025-12-16 07:11,69.8139,27.1726
2025-12-16 07:12,69.8525,27.0811
2025-12-16 07:13,69.8718,27.2031
2025-12-16 07:14,69.8718,27.2642
2025-12-16 07:15,69.8718,27.2947
2025-12-16 07:16,69.8331,27.2947
2025-12-16 07:17,69.8139,27.2642
2025-12-16 07:18,69.7752,27.2031
2025-12-16 07:19,69.7366,27.2031
2025-12-16 07:20,69.7173,27.1726
2025-12-16 07:21,69.7173,27.2031
2025-12-16 07:22,69.7366,27.1726
2025-12-16 07:23,69.7752,27.1726
2025-12-16 07:24,69.8331,27.0811
2025-12-16 07:25,69.8525,27.1726
2025-12-16 07:26,69.8525,27.2642
2025-12-16 07:27,69.8331,27.2642
2025-12-16 07:28,69.8139,27.2031
2025-12-16 07:29,69.7945,27.1726
2025-12-16 07:30,69.7559,27.2031
2025-12-16 07:31,69.698,27.1726
2025-12-16 07:32,69.698,27.1726
2025-12-16 07:33,69.698,27.1726
2025-12-16 07:34,69.698,27.0811
2025-12-16 07:35,69.7366,27.0811
2025-12-16 07:36,69.7945,27.0505
2025-12-16 07:37,69.8331,27.1726
2025-12-16 07:38,69.8139,27.2031
2025-12-16 07:39,69.7945,27.2031
2025-12-16 07:40,69.7752,27.1726
2025-12-16 07:41,69.7366,27.1726
2025-12-16 07:42,69.698,27.1726
2025-12-16 07:43,69.6594,27.0811
2025-12-16 07:44,69.6401,27.1726
2025-12-16 07:45,69.6594,27.1726
2025-12-16 07:46,69.6787,27.1726
2025-12-16 07:47,69.7366,27.1726
2025-12-16 07:48,69.7752,27.1726
2025-12-16 07:49,69.7945,27.2642
2025-12-16 07:50,69.7945,27.2642
2025-12-16 07:51,69.7752,27.2642
2025-12-16 07:52,69.7559,27.1726
2025-12-16 07:53,69.7366,27.1726
2025-12-16 07:54,69.698,27.1726
2025-12-16 07:55,69.6594,27.3252
2025-12-16 07:56,69.6594,27.3557
2025-12-16 07:57,69.6787,27.3557
2025-12-16 07:58,69.7366,27.3557
2025-12-16 07:59,69.8139,27.3557
2025-12-16 08:00,69.8525,27.3557
2025-12-16 08:01,69.8718,27.3557
2025-12-16 08:02,69.8525,27.3557
2025-12-16 08:03,69.8331,27.3557
2025-12-16 08:04,69.8139,27.3252
2025-12-16 08:05,69.7752,27.3557
2025-12-16 08:06,69.7559,27.3557
2025-12-16 08:07,69.7173,27.3557
2025-12-16 08:08,69.698,27.3557
2025-12-16 08:09,69.7366,27.4167
2025-12-16 08:10,69.7945,27.4167
2025-12-16 08:11,69.8525,27.4167
2025-12-16 08:12,69.9104,27.3557
2025-12-16 08:13,69.9297,27.4167
2025-12-16 08:14,69.9104,27.4167
2025-12-16 08:15,69.8911,27.4167
2025-12-16 08:16,69.8525,27.4167
2025-12-16 08:17,69.8331,27.4167
2025-12-16 08:18,69.8139,27.4167
2025-12-16 08:19,69.7752,27.3557
2025-12-16 08:20,69.7752,27.3557
2025-12-16 08:21,69.7945,27.4167
2025-12-16 08:22,69.8331,27.4167
2025-12-16 08:23,69.9104,27.4167
2025-12-16 08:24,69.9683,27.4167
2025-12-16 08:25,69.9683,27.4473
2025-12-16 08:26,69.949,27.4778
2025-12-16 08:27,69.9297,27.4473
2025-12-16 08:28,69.9104,27.4167
2025-12-16 08:29,69.8718,27.4778
2025-12-16 08:30,69.8525,27.4473
2025-12-16 08:31,69.8331,27.4167
2025-12-16 08:32,69.8139,27.4167
2025-12-16 08:33,69.8331,27.4167
2025-12-16 08:34,69.8525,27.4778
2025-12-16 08:35,69.9297,27.4473
2025-12-16 08:36,70.0069,27.4167
2025-12-16 08:37,70.0262,27.4778
2025-12-16 08:38,70.0262,27.5388
2025-12-16 08:39,70.0069,27.5083
2025-12-16 08:40,69.9876,27.5083
2025-12-16 08:41,69.949,27.4778
2025-12-16 08:42,69.9297,27.4778
2025-12-16 08:43,69.9104,27.5388
2025-12-16 08:44,69.8718,27.4778
2025-12-16 08:45,69.8718,27.4778
2025-12-16 08:46,69.8525,27.4778
2025-12-16 08:47,69.8911,27.4778
2025-12-16 08:48,69.9297,27.4778
2025-12-16 08:49,69.9683,27.4778
2025-12-16 08:50,69.9683,27.5693
2025-12-16 08:51,69.9683,27.5693
2025-12-16 08:52,69.9297,27.5693
2025-12-16 08:53,69.9104,27.5693
2025-12-16 08:54,69.8911,27.5693
2025-12-16 08:55,69.8911,27.5388
2025-12-16 08:56,69.8525,27.5388
2025-12-16 08:57,69.8331,27.5388
2025-12-16 08:58,69.7945,27.5388
2025-12-16 08:59,69.7559,27.5388
2025-12-16 09:00,69.7366,27.5388
2025-12-16 09:01,69.6787,27.5388
2025-12-16 09:02,69.6401,27.5693
2025-12-16 09:03,69.6015,27.5388
2025-12-16 09:04,69.5629,27.5388
2025-12-16 09:05,69.5243,27.5388
2025-12-16 09:06,69.4857,27.5999
2025-12-16 09:07,69.4277,27.5999
2025-12-16 09:08,69.3891,27.5999
2025-12-16 09:09,69.3698,27.5999
2025-12-16 09:10,69.3119,27.5999
2025-12-16 09:11,69.3119,27.6609
2025-12-16 09:12,69.3119,27.7219
2025-12-16 09:13,69.3505,27.7219
2025-12-16 09:14,69.3505,27.783
2025-12-16 09:15,69.3505,27.8135
2025-12-16 09:16,69.3505,27.844
2025-12-16 09:17,69.3312,27.8135
2025-12-16 09:18,69.3119,27.8135
2025-12-16 09:19,69.2733,27.8135
2025-12-16 09:20,69.254,27.8135
2025-12-16 09:21,69.2347,27.8135
2025-12-16 09:22,69.2154,27.8135
2025-12-16 09:23,69.1575,27.783
2025-12-16 09:24,69.1575,27.9661
2025-12-16 09:25,69.1382,27.8135
2025-12-16 09:26,69.0995,27.8135
2025-12-16 09:27,69.0803,27.8745
2025-12-16 09:28,69.0803,27.9355
2025-12-16 09:29,69.1189,27.9966
2025-12-16 09:30,69.1768,28.0576
2025-12-16 09:31,69.2733,27.9661
2025-12-16 09:32,69.3505,27.9661
2025-12-16 09:33,69.3891,27.9966
2025-12-16 09:34,69.4084,28.0271
2025-12-16 09:35,69.3891,28.0576
2025-12-16 09:36,69.4084,28.0576
2025-12-16 09:37,69.3891,27.9966
2025-12-16 09:38,69.3891,27.9966
2025-12-16 09:39,69.4277,28.0271
2025-12-16 09:40,69.505,27.9966
2025-12-16 09:41,69.5822,27.9355
2025-12-16 09:42,69.6401,27.9355
2025-12-16 09:43,69.6787,27.9661
2025-12-16 09:44,69.6594,28.0271
2025-12-16 09:45,69.6594,28.0881
2025-12-16 09:46,69.6401,28.0881
2025-12-16 09:47,69.6401,28.1492
2025-12-16 09:48,69.6015,28.1492
2025-12-16 09:49,69.5822,28.1492
2025-12-16 09:50,69.5629,28.1492
2025-12-16 09:51,69.5243,28.0881
2025-12-16 09:52,69.5243,28.0881
2025-12-16 09:53,69.505,28.0576
2025-12-16 09:54,69.4857,27.9966
2025-12-16 09:55,69.4857,28.0271
2025-12-16 09:56,69.505,28.0576
2025-12-16 09:57,69.5629,28.0576
2025-12-16 09:58,69.5822,28.0576
2025-12-16 09:59,69.5822,28.0881
2025-12-16 10:00,69.5629,28.1492
2025-12-16 10:01,69.5436,28.1492
2025-12-16 10:02,69.5243,28.2102
2025-12-16 10:03,69.505,28.3018
2025-12-16 10:04,69.4857,28.3323
2025-12-16 10:05,69.4664,28.3323
2025-12-16 10:06,69.4471,28.3323
2025-12-16 10:07,69.4084,28.3323
2025-12-16 10:08,69.3891,28.3628
2025-12-16 10:09,69.3505,28.3323
2025-12-16 10:10,69.3119,28.3323
2025-12-16 10:11,69.2733,28.3323
2025-12-16 10:12,69.2347,28.3323
2025-12-16 10:13,69.1961,28.3933
2025-12-16 10:14,69.1575,28.3628
2025-12-16 10:15,69.1189,28.3933
2025-12-16 10:16,69.0803,28.3933
2025-12-16 10:17,69.0609,28.4849
2025-12-16 10:18,69.0223,28.4849
2025-12-16 10:19,69.003,28.4849
2025-12-16 10:20,69.0223,28.5154
2025-12-16 10:21,69.0609,28.4849
2025-12-16 10:22,69.0995,28.4238
2025-12-16 10:23,69.0995,28.5154
2025-12-16 10:24,69.0995,28.6069
2025-12-16 10:25,69.0995,28.729
2025-12-16 10:26,69.0803,28.668
2025-12-16 10:27,69.0803,28.6375
2025-12-16 10:28,69.0609,28.6069
2025-12-16 10:29,69.0416,28.5459
2025-12-16 10:30,69.0223,28.5154
2025-12-16 10:31,69.003,28.4543
2025-12-16 10:32,68.9644,28.4238
2025-12-16 10:33,68.9451,28.4543
2025-12-16 10:34,68.9065,28.4543
2025-12-16 10:35,68.9065,28.5154
2025-12-16 10:36,68.9258,28.5459
2025-12-16 10:37,68.9644,28.5459
2025-12-16 10:38,69.0416,28.5459
2025-12-16 10:39,69.1575,28.5154
2025-12-16 10:40,69.1961,28.4849
2025-12-16 10:41,69.2154,28.5459
2025-12-16 10:42,69.1961,28.5459
2025-12-16 10:43,69.1961,28.5154
2025-12-16 10:44,69.1961,28.4849
2025-12-16 10:45,69.1961,28.4849
2025-12-16 10:46,69.1768,28.3933
2025-12-16 10:47,69.2154,28.3933
2025-12-16 10:48,69.2733,28.4849
2025-12-16 10:49,69.3698,28.4238
2025-12-16 10:50,69.4471,28.3323
2025-12-16 10:51,69.4471,28.4238
2025-12-16 10:52,69.4664,28.4543
2025-12-16 10:53,69.4471,28.4238
2025-12-16 10:54,69.4471,28.4238
2025-12-16 10:55,69.4277,28.4238
2025-12-16 10:56,69.4084,28.4238
2025-12-16 10:57,69.3698,28.3628
2025-12-16 10:58,69.3505,28.3323
2025-12-16 10:59,69.3312,28.3323
2025-12-16 11:00,69.3119,28.2712
2025-12-16 11:01,69.2733,28.2712
2025-12-16 11:02,69.2926,28.2712
2025-12-16 11:03,69.3119,28.3628
2025-12-16 11:04,69.4084,28.3628
2025-12-16 11:05,69.4664,28.3323
2025-12-16 11:06,69.4857,28.3323
2025-12-16 11:07,69.4857,28.4543
2025-12-16 11:08,69.4857,28.4849
2025-12-16 11:09,69.4664,28.5459
2025-12-16 11:10,69.4471,28.6069
2025-12-16 11:11,69.4277,28.729
2025-12-16 11:12,69.4084,28.729
2025-12-16 11:13,69.4084,28.8511
2025-12-16 11:14,69.3698,28.9426
2025-12-16 11:15,69.3505,28.729
2025-12-16 11:16,69.3312,28.5459
2025-12-16 11:17,69.3505,28.5764
2025-12-16 11:18,69.4084,28.5459
2025-12-16 11:19,69.4664,28.4849
2025-12-16 11:20,69.505,28.4849
2025-12-16 11:21,69.5243,28.5764
2025-12-16 11:22,69.505,28.5764
2025-12-16 11:23,69.505,28.5764
2025-12-16 11:24,69.4857,28.5459
2025-12-16 11:25,69.4857,28.5459
2025-12-16 11:26,69.4664,28.5459
2025-12-16 11:27,69.4471,28.4849
2025-12-16 11:28,69.4277,28.4849
2025-12-16 11:29,69.4084,28.4543
2025-12-16 11:30,69.3891,28.4543
2025-12-16 11:31,69.3505,28.4238
2025-12-16 11:32,69.3505,28.3933
2025-12-16 11:33,69.3505,28.3933
2025-12-16 11:34,69.4277,28.4849
2025-12-16 11:35,69.505,28.4543
2025-12-16 11:36,69.5436,28.4238
2025-12-16 11:37,69.5436,28.4849
2025-12-16 11:38,69.5629,28.4849
2025-12-16 11:39,69.5436,28.4849
2025-12-16 11:40,69.5243,28.4849
2025-12-16 11:41,69.5243,28.4849
2025-12-16 11:42,69.505,28.4849
2025-12-16 11:43,69.505,28.4543
2025-12-16 11:44,69.4664,28.4543
2025-12-16 11:45,69.4471,28.4543
2025-12-16 11:46,69.4277,28.4543
2025-12-16 11:47,69.4084,28.4238
2025-12-16 11:48,69.3698,28.4238
2025-12-16 11:49,69.3312,28.3933
2025-12-16 11:50,69.3119,28.3933
2025-12-16 11:51,69.2926,28.3933
2025-12-16 11:52,69.3119,28.3933
2025-12-16 11:53,69.3312,28.4849
2025-12-16 11:54,69.3891,28.4849
2025-12-16 11:55,69.4277,28.4849
2025-12-16 11:56,69.4277,28.5764
2025-12-16 11:57,69.4084,28.5764
2025-12-16 11:58,69.4084,28.5764
2025-12-16 11:59,69.3891,28.5459
2025-12-16 12:00,69.3698,28.5764
2025-12-16 12:01,69.3505,28.5154
2025-12-16 12:02,69.3312,28.4849
2025-12-16 12:03,69.3119,28.4849
2025-12-16 12:04,69.2926,28.4849
2025-12-16 12:05,69.2733,28.4238
2025-12-16 12:06,69.2347,28.3933
2025-12-16 12:07,69.2347,28.3933
2025-12-16 12:08,69.1961,28.3933
2025-12-16 12:09,69.1768,28.3933
2025-12-16 12:10,69.1382,28.3933
2025-12-16 12:11,69.0803,28.3933
2025-12-16 12:12,69.0803,28.4849
2025-12-16 12:13,69.0995,28.5154
2025-12-16 12:14,69.0995,28.5154
2025-12-16 12:15,69.2154,28.6069
2025-12-16 12:16,69.254,28.6069
2025-12-16 12:17,69.254,28.6069
2025-12-16 12:18,69.254,28.6069
2025-12-16 12:19,69.2347,28.6375
2025-12-16 12:20,69.2347,28.6375
2025-12-16 12:21,69.2154,28.5459
2025-12-16 12:22,69.1961,28.5459
2025-12-16 12:23,69.1768,28.5459
2025-12-16 12:24,69.1575,28.5459
2025-12-16 12:25,69.1382,28.5459
2025-12-16 12:26,69.1189,28.5154
